{
 "demand_mw": 886.7167292511122,
 "solar_mw": 594.6530783768505,
 "wind_mw": 25.515301610697954
}