{
 "demand_mw": 902.164395063317,
 "solar_mw": 616.5944735657749,
 "wind_mw": 26.370891710172003
}